Workbook
Name CatList2: Lists!$A$1:$A$5
Name StatusVydList: Lists!$C$1:$C$4

Sheet Spravochnik
A1: ФИО | B1: Табельный номер | C1: Подразделение | D1: Должность | E1: Размер одежды | F1: Размер обуви | G1: Рост, см | H1: Контакты
A2: Иванова Анна Петровна | B2: ТН-001 | C2: Бухгалтерия | D2: Главный бухгалтер | E2: 46 | F2: 38 | G2: 165 | H2: +7-900-100-01-01
A3: Петров Сергей Иванович | B3: ТН-002 | C3: IT-отдел | D3: Системный администратор | E3: 50 | F3: 43 | G3: 180 | H3: +7-900-100-01-02
A4: Сидорова Ольга Викторовна | B4: ТН-003 | C4: Отдел продаж | D4: Менеджер по продажам | E4: 44 | F4: 37 | G4: 168 | H4: +7-900-100-01-03
A5: Кузнецов Дмитрий Александрович | B5: ТН-004 | C5: Отдел продаж | D5: Менеджер по продажам | E5: 52 | F5: 44 | G5: 182 | H5: +7-900-100-01-04
A6: Смирнов Виктор Валерьевич | B6: ТН-005 | C6: Логистика | D6: Водитель | E6: 54 | F6: 45 | G6: 178 | H6: +7-900-100-01-05
A7: Волкова Елена Николаевна | B7: ТН-006 | C7: Хозотдел | D7: Завхоз | E7: 48 | F7: 39 | G7: 170 | H7: +7-900-100-01-06
A8: Никитин Павел Романович | B8: ТН-007 | C8: IT-отдел | D8: Программист | E8: 50 | F8: 42 | G8: 176 | H8: +7-900-100-01-07
A9: Морозова Ирина Сергеевна | B9: ТН-008 | C9: Офис-менеджмент | D9: Офис-менеджер | E9: 42 | F9: 36 | G9: 162 | H9: +7-900-100-01-08
A10: Егорова Наталья Михайловна | B10: ТН-009 | C10: Ресепшн | D10: Администратор | E10: 44 | F10: 37 | G10: 165 | H10: +7-900-100-01-09
A11: Соколов Артём Юрьевич | B11: ТН-010 | C11: Склад | D11: Кладовщик | E11: 54 | F11: 45 | G11: 184 | H11: +7-900-100-01-10
A12: Козлова Мария Дмитриевна | B12: ТН-011 | C12: Бухгалтерия | D12: Бухгалтер | E12: 46 | F12: 38 | G12: 167 | H12: +7-900-100-01-11
A13: Новиков Андрей Олегович | B13: ТН-012 | C13: Хозотдел | D13: Разнорабочий | E13: 52 | F13: 43 | G13: 179 | H13: +7-900-100-01-12
... A16: Белова Татьяна Андреевна | B16: ТН-015 | C16: Бухгалтерия | D16: Кассир | E16: 44 | F16: 37 | G16: 166 | H16: +7-900-100-01-15

Sheet Vydacha
A1: ФИО | B1: Табельный номер | C1: Подразделение | D1: Должность | E1: Размер одежды | F1: Размер обуви | G1: Категория | H1: Наименование | I1: Инв. номер / Размер | J1: Количество | K1: Дата выдачи | L1: Срок носки, мес. | M1: Дата плановой замены | N1: Статус срока | O1: Статус выдачи
A2: Иванова Анна Петровна | B2: =IF($A2="","",IFERROR(VLOOKUP($A2,Spravochnik!$A$2:$H$61,2,0),"")) -> ТН-001 | C2: =IF($A2="","",IFERROR(VLOOKUP($A2,Spravochnik!$A$2:$H$61,3,0),"")) -> Бухгалтерия | D2: =IF($A2="","",IFERROR(VLOOKUP($A2,Spravochnik!$A$2:$H$61,4,0),"")) -> Главный бухгалтер | E2: =IF($A2="","",IFERROR(VLOOKUP($A2,Spravochnik!$A$2:$H$61,5,0),"")) -> 46 | F2: =IF($A2="","",IFERROR(VLOOKUP($A2,Spravochnik!$A$2:$H$61,6,0),"")) -> 38 | G2: Техника | H2: Ноутбук Dell Latitude | I2: ИНВ-Т-001 | J2: 1 | K2: 45306 | L2: 36 | M2: =IF(OR($K2="",$L2="",$L2=0),"",EDATE($K2,$L2)) -> 46402 | N2: =IF($M2="","",IF(TODAY()>=$M2,"Пора менять","ОК")) -> ОК | O2: Выдано
A3: Петров Сергей Иванович | B3: =IF($A3="","",IFERROR(VLOOKUP($A3,Spravochnik!$A$2:$H$61,2,0),"")) -> ТН-002 | C3: =IF($A3="","",IFERROR(VLOOKUP($A3,Spravochnik!$A$2:$H$61,3,0),"")) -> IT-отдел | D3: =IF($A3="","",IFERROR(VLOOKUP($A3,Spravochnik!$A$2:$H$61,4,0),"")) -> Системный администратор | E3: =IF($A3="","",IFERROR(VLOOKUP($A3,Spravochnik!$A$2:$H$61,5,0),"")) -> 50 | F3: =IF($A3="","",IFERROR(VLOOKUP($A3,Spravochnik!$A$2:$H$61,6,0),"")) -> 43 | G3: Спецодежда | H3: Куртка утеплённая | I3: 50 | J3: 1 | K3: 45200 | L3: 24 | M3: =IF(OR($K3="",$L3="",$L3=0),"",EDATE($K3,$L3)) -> 45931 | N3: =IF($M3="","",IF(TODAY()>=$M3,"Пора менять","ОК")) -> Пора менять | O3: Выдано
A4: Смирнов Виктор Валерьевич | B4: =IF($A4="","",IFERROR(VLOOKUP($A4,Spravochnik!$A$2:$H$61,2,0),"")) -> ТН-005 | C4: =IF($A4="","",IFERROR(VLOOKUP($A4,Spravochnik!$A$2:$H$61,3,0),"")) -> Логистика | D4: =IF($A4="","",IFERROR(VLOOKUP($A4,Spravochnik!$A$2:$H$61,4,0),"")) -> Водитель | E4: =IF($A4="","",IFERROR(VLOOKUP($A4,Spravochnik!$A$2:$H$61,5,0),"")) -> 54 | F4: =IF($A4="","",IFERROR(VLOOKUP($A4,Spravochnik!$A$2:$H$61,6,0),"")) -> 45 | G4: Обувь | H4: Ботинки рабочие | I4: 45 | J4: 1 | K4: 45170 | L4: 12 | M4: =IF(OR($K4="",$L4="",$L4=0),"",EDATE($K4,$L4)) -> 45536 | N4: =IF($M4="","",IF(TODAY()>=$M4,"Пора менять","ОК")) -> Пора менять | O4: Выдано
A5: Соколов Артём Юрьевич | B5: =IF($A5="","",IFERROR(VLOOKUP($A5,Spravochnik!$A$2:$H$61,2,0),"")) -> ТН-010 | C5: =IF($A5="","",IFERROR(VLOOKUP($A5,Spravochnik!$A$2:$H$61,3,0),"")) -> Склад | D5: =IF($A5="","",IFERROR(VLOOKUP($A5,Spravochnik!$A$2:$H$61,4,0),"")) -> Кладовщик | E5: =IF($A5="","",IFERROR(VLOOKUP($A5,Spravochnik!$A$2:$H$61,5,0),"")) -> 54 | F5: =IF($A5="","",IFERROR(VLOOKUP($A5,Spravochnik!$A$2:$H$61,6,0),"")) -> 45 | G5: СИЗ | H5: Каска защитная | I5: 45 | J5: 1 | K5: 45047 | L5: 24 | M5: =IF(OR($K5="",$L5="",$L5=0),"",EDATE($K5,$L5)) -> 45778 | N5: =IF($M5="","",IF(TODAY()>=$M5,"Пора менять","ОК")) -> Пора менять | O5: На замену
A6: Волкова Елена Николаевна | B6: =IF($A6="","",IFERROR(VLOOKUP($A6,Spravochnik!$A$2:$H$61,2,0),"")) -> ТН-006 | C6: =IF($A6="","",IFERROR(VLOOKUP($A6,Spravochnik!$A$2:$H$61,3,0),"")) -> Хозотдел | D6: =IF($A6="","",IFERROR(VLOOKUP($A6,Spravochnik!$A$2:$H$61,4,0),"")) -> Завхоз | E6: =IF($A6="","",IFERROR(VLOOKUP($A6,Spravochnik!$A$2:$H$61,5,0),"")) -> 48 | F6: =IF($A6="","",IFERROR(VLOOKUP($A6,Spravochnik!$A$2:$H$61,6,0),"")) -> 39 | G6: Спецодежда | H6: Халат рабочий | I6: 48 | J6: 2 | K6: 45444 | L6: 12 | M6: =IF(OR($K6="",$L6="",$L6=0),"",EDATE($K6,$L6)) -> 45809 | N6: =IF($M6="","",IF(TODAY()>=$M6,"Пора менять","ОК")) -> Пора менять | O6: На замену
A7: Никитин Павел Романович | B7: =IF($A7="","",IFERROR(VLOOKUP($A7,Spravochnik!$A$2:$H$61,2,0),"")) -> ТН-007 | C7: =IF($A7="","",IFERROR(VLOOKUP($A7,Spravochnik!$A$2:$H$61,3,0),"")) -> IT-отдел | D7: =IF($A7="","",IFERROR(VLOOKUP($A7,Spravochnik!$A$2:$H$61,4,0),"")) -> Программист | E7: =IF($A7="","",IFERROR(VLOOKUP($A7,Spravochnik!$A$2:$H$61,5,0),"")) -> 50 | F7: =IF($A7="","",IFERROR(VLOOKUP($A7,Spravochnik!$A$2:$H$61,6,0),"")) -> 42 | G7: Техника | H7: Монитор Samsung | I7: ИНВ-Т-002 | J7: 1 | K7: 45241 | L7: 60 | M7: =IF(OR($K7="",$L7="",$L7=0),"",EDATE($K7,$L7)) -> 47068 | N7: =IF($M7="","",IF(TODAY()>=$M7,"Пора менять","ОК")) -> ОК | O7: Выдано
A8: Морозова Ирина Сергеевна | B8: =IF($A8="","",IFERROR(VLOOKUP($A8,Spravochnik!$A$2:$H$61,2,0),"")) -> ТН-008 | C8: =IF($A8="","",IFERROR(VLOOKUP($A8,Spravochnik!$A$2:$H$61,3,0),"")) -> Офис-менеджмент | D8: =IF($A8="","",IFERROR(VLOOKUP($A8,Spravochnik!$A$2:$H$61,4,0),"")) -> Офис-менеджер | E8: =IF($A8="","",IFERROR(VLOOKUP($A8,Spravochnik!$A$2:$H$61,5,0),"")) -> 42 | F8: =IF($A8="","",IFERROR(VLOOKUP($A8,Spravochnik!$A$2:$H$61,6,0),"")) -> 36 | G8: Другое | H8: Канцелярский набор | I8: - | J8: 1 | K8: 45667 | L8: 0 | M8: =IF(OR($K8="",$L8="",$L8=0),"",EDATE($K8,$L8)) | N8: =IF($M8="","",IF(TODAY()>=$M8,"Пора менять","ОК")) | O8: Выдано
A9: Козлова Мария Дмитриевна | B9: =IF($A9="","",IFERROR(VLOOKUP($A9,Spravochnik!$A$2:$H$61,2,0),"")) -> ТН-011 | C9: =IF($A9="","",IFERROR(VLOOKUP($A9,Spravochnik!$A$2:$H$61,3,0),"")) -> Бухгалтерия | D9: =IF($A9="","",IFERROR(VLOOKUP($A9,Spravochnik!$A$2:$H$61,4,0),"")) -> Бухгалтер | E9: =IF($A9="","",IFERROR(VLOOKUP($A9,Spravochnik!$A$2:$H$61,5,0),"")) -> 46 | F9: =IF($A9="","",IFERROR(VLOOKUP($A9,Spravochnik!$A$2:$H$61,6,0),"")) -> 38 | G9: Обувь | H9: Туфли офисные | I9: 38 | J9: 1 | K9: 45352 | L9: 18 | M9: =IF(OR($K9="",$L9="",$L9=0),"",EDATE($K9,$L9)) -> 45901 | N9: =IF($M9="","",IF(TODAY()>=$M9,"Пора менять","ОК")) -> Пора менять | O9: Возвращено
A10: Новиков Андрей Олегович | B10: =IF($A10="","",IFERROR(VLOOKUP($A10,Spravochnik!$A$2:$H$61,2,0),"")) -> ТН-012 | C10: =IF($A10="","",IFERROR(VLOOKUP($A10,Spravochnik!$A$2:$H$61,3,0),"")) -> Хозотдел | D10: =IF($A10="","",IFERROR(VLOOKUP($A10,Spravochnik!$A$2:$H$61,4,0),"")) -> Разнорабочий | E10: =IF($A10="","",IFERROR(VLOOKUP($A10,Spravochnik!$A$2:$H$61,5,0),"")) -> 52 | F10: =IF($A10="","",IFERROR(VLOOKUP($A10,Spravochnik!$A$2:$H$61,6,0),"")) -> 43 | G10: СИЗ | H10: Перчатки защитные | I10: 52 | J10: 5 | K10: 45809 | L10: 6 | M10: =IF(OR($K10="",$L10="",$L10=0),"",EDATE($K10,$L10)) -> 45992 | N10: =IF($M10="","",IF(TODAY()>=$M10,"Пора менять","ОК")) -> Пора менять | O10: На замену
A11: Фёдорова Светлана Игоревна | B11: =IF($A11="","",IFERROR(VLOOKUP($A11,Spravochnik!$A$2:$H$61,2,0),"")) -> ТН-013 | C11: =IF($A11="","",IFERROR(VLOOKUP($A11,Spravochnik!$A$2:$H$61,3,0),"")) -> Отдел продаж | D11: =IF($A11="","",IFERROR(VLOOKUP($A11,Spravochnik!$A$2:$H$61,4,0),"")) -> Менеджер по продажам | E11: =IF($A11="","",IFERROR(VLOOKUP($A11,Spravochnik!$A$2:$H$61,5,0),"")) -> 44 | F11: =IF($A11="","",IFERROR(VLOOKUP($A11,Spravochnik!$A$2:$H$61,6,0),"")) -> 37 | G11: Спецодежда | H11: Жилет сигнальный | I11: 44 | J11: 1 | K11: 45762 | L11: 12 | M11: =IF(OR($K11="",$L11="",$L11=0),"",EDATE($K11,$L11)) -> 46127 | N11: =IF($M11="","",IF(TODAY()>=$M11,"Пора менять","ОК")) -> Пора менять | O11: На замену
A12: Захаров Игорь Валентинович | B12: =IF($A12="","",IFERROR(VLOOKUP($A12,Spravochnik!$A$2:$H$61,2,0),"")) -> ТН-014 | C12: =IF($A12="","",IFERROR(VLOOKUP($A12,Spravochnik!$A$2:$H$61,3,0),"")) -> Склад | D12: =IF($A12="","",IFERROR(VLOOKUP($A12,Spravochnik!$A$2:$H$61,4,0),"")) -> Грузчик | E12: =IF($A12="","",IFERROR(VLOOKUP($A12,Spravochnik!$A$2:$H$61,5,0),"")) -> 54 | F12: =IF($A12="","",IFERROR(VLOOKUP($A12,Spravochnik!$A$2:$H$61,6,0),"")) -> 44 | G12: Обувь | H12: Сапоги рабочие | I12: 44 | J12: 1 | K12: 45962 | L12: 12 | M12: =IF(OR($K12="",$L12="",$L12=0),"",EDATE($K12,$L12)) -> 46327 | N12: =IF($M12="","",IF(TODAY()>=$M12,"Пора менять","ОК")) -> ОК | O12: Выдано
A13: Белова Татьяна Андреевна | B13: =IF($A13="","",IFERROR(VLOOKUP($A13,Spravochnik!$A$2:$H$61,2,0),"")) -> ТН-015 | C13: =IF($A13="","",IFERROR(VLOOKUP($A13,Spravochnik!$A$2:$H$61,3,0),"")) -> Бухгалтерия | D13: =IF($A13="","",IFERROR(VLOOKUP($A13,Spravochnik!$A$2:$H$61,4,0),"")) -> Кассир | E13: =IF($A13="","",IFERROR(VLOOKUP($A13,Spravochnik!$A$2:$H$61,5,0),"")) -> 44 | F13: =IF($A13="","",IFERROR(VLOOKUP($A13,Spravochnik!$A$2:$H$61,6,0),"")) -> 37 | G13: Техника | H13: Клавиатура | I13: ИНВ-Т-003 | J13: 1 | K13: 45524 | L13: 48 | M13: =IF(OR($K13="",$L13="",$L13=0),"",EDATE($K13,$L13)) -> 46985 | N13: =IF($M13="","",IF(TODAY()>=$M13,"Пора менять","ОК")) -> ОК | O13: Выдано
A14: Иванова Анна Петровна | B14: =IF($A14="","",IFERROR(VLOOKUP($A14,Spravochnik!$A$2:$H$61,2,0),"")) -> ТН-001 | C14: =IF($A14="","",IFERROR(VLOOKUP($A14,Spravochnik!$A$2:$H$61,3,0),"")) -> Бухгалтерия | D14: =IF($A14="","",IFERROR(VLOOKUP($A14,Spravochnik!$A$2:$H$61,4,0),"")) -> Главный бухгалтер | E14: =IF($A14="","",IFERROR(VLOOKUP($A14,Spravochnik!$A$2:$H$61,5,0),"")) -> 46 | F14: =IF($A14="","",IFERROR(VLOOKUP($A14,Spravochnik!$A$2:$H$61,6,0),"")) -> 38 | G14: СИЗ | H14: Респиратор | I14: - | J14: 3 | K14: 46054 | L14: 6 | M14: =IF(OR($K14="",$L14="",$L14=0),"",EDATE($K14,$L14)) -> 46235 | N14: =IF($M14="","",IF(TODAY()>=$M14,"Пора менять","ОК")) -> ОК | O14: Выдано
A15: Кузнецов Дмитрий Александрович | B15: =IF($A15="","",IFERROR(VLOOKUP($A15,Spravochnik!$A$2:$H$61,2,0),"")) -> ТН-004 | C15: =IF($A15="","",IFERROR(VLOOKUP($A15,Spravochnik!$A$2:$H$61,3,0),"")) -> Отдел продаж | D15: =IF($A15="","",IFERROR(VLOOKUP($A15,Spravochnik!$A$2:$H$61,4,0),"")) -> Менеджер по продажам | E15: =IF($A15="","",IFERROR(VLOOKUP($A15,Spravochnik!$A$2:$H$61,5,0),"")) -> 52 | F15: =IF($A15="","",IFERROR(VLOOKUP($A15,Spravochnik!$A$2:$H$61,6,0),"")) -> 44 | G15: Спецодежда | H15: Костюм рабочий | I15: 52 | J15: 1 | K15: 44682 | L15: 24 | M15: =IF(OR($K15="",$L15="",$L15=0),"",EDATE($K15,$L15)) -> 45413 | N15: =IF($M15="","",IF(TODAY()>=$M15,"Пора менять","ОК")) -> Пора менять | O15: На замену
A16: Егорова Наталья Михайловна | B16: =IF($A16="","",IFERROR(VLOOKUP($A16,Spravochnik!$A$2:$H$61,2,0),"")) -> ТН-009 | C16: =IF($A16="","",IFERROR(VLOOKUP($A16,Spravochnik!$A$2:$H$61,3,0),"")) -> Ресепшн | D16: =IF($A16="","",IFERROR(VLOOKUP($A16,Spravochnik!$A$2:$H$61,4,0),"")) -> Администратор | E16: =IF($A16="","",IFERROR(VLOOKUP($A16,Spravochnik!$A$2:$H$61,5,0),"")) -> 44 | F16: =IF($A16="","",IFERROR(VLOOKUP($A16,Spravochnik!$A$2:$H$61,6,0),"")) -> 37 | G16: Другое | H16: Бейдж | I16: - | J16: 1 | K16: 45658 | L16: 0 | M16: =IF(OR($K16="",$L16="",$L16=0),"",EDATE($K16,$L16)) | N16: =IF($M16="","",IF(TODAY()>=$M16,"Пора менять","ОК")) | O16: Списано
B17: =IF($A17="","",IFERROR(VLOOKUP($A17,Spravochnik!$A$2:$H$61,2,0),"")) | C17: =IF($A17="","",IFERROR(VLOOKUP($A17,Spravochnik!$A$2:$H$61,3,0),"")) | D17: =IF($A17="","",IFERROR(VLOOKUP($A17,Spravochnik!$A$2:$H$61,4,0),"")) | E17: =IF($A17="","",IFERROR(VLOOKUP($A17,Spravochnik!$A$2:$H$61,5,0),"")) | F17: =IF($A17="","",IFERROR(VLOOKUP($A17,Spravochnik!$A$2:$H$61,6,0),"")) | M17: =IF(OR($K17="",$L17="",$L17=0),"",EDATE($K17,$L17)) | N17: =IF($M17="","",IF(TODAY()>=$M17,"Пора менять","ОК"))
B18: =IF($A18="","",IFERROR(VLOOKUP($A18,Spravochnik!$A$2:$H$61,2,0),"")) | C18: =IF($A18="","",IFERROR(VLOOKUP($A18,Spravochnik!$A$2:$H$61,3,0),"")) | D18: =IF($A18="","",IFERROR(VLOOKUP($A18,Spravochnik!$A$2:$H$61,4,0),"")) | E18: =IF($A18="","",IFERROR(VLOOKUP($A18,Spravochnik!$A$2:$H$61,5,0),"")) | F18: =IF($A18="","",IFERROR(VLOOKUP($A18,Spravochnik!$A$2:$H$61,6,0),"")) | M18: =IF(OR($K18="",$L18="",$L18=0),"",EDATE($K18,$L18)) | N18: =IF($M18="","",IF(TODAY()>=$M18,"Пора менять","ОК"))
B19: =IF($A19="","",IFERROR(VLOOKUP($A19,Spravochnik!$A$2:$H$61,2,0),"")) | C19: =IF($A19="","",IFERROR(VLOOKUP($A19,Spravochnik!$A$2:$H$61,3,0),"")) | D19: =IF($A19="","",IFERROR(VLOOKUP($A19,Spravochnik!$A$2:$H$61,4,0),"")) | E19: =IF($A19="","",IFERROR(VLOOKUP($A19,Spravochnik!$A$2:$H$61,5,0),"")) | F19: =IF($A19="","",IFERROR(VLOOKUP($A19,Spravochnik!$A$2:$H$61,6,0),"")) | M19: =IF(OR($K19="",$L19="",$L19=0),"",EDATE($K19,$L19)) | N19: =IF($M19="","",IF(TODAY()>=$M19,"Пора менять","ОК"))
B20: =IF($A20="","",IFERROR(VLOOKUP($A20,Spravochnik!$A$2:$H$61,2,0),"")) | C20: =IF($A20="","",IFERROR(VLOOKUP($A20,Spravochnik!$A$2:$H$61,3,0),"")) | D20: =IF($A20="","",IFERROR(VLOOKUP($A20,Spravochnik!$A$2:$H$61,4,0),"")) | E20: =IF($A20="","",IFERROR(VLOOKUP($A20,Spravochnik!$A$2:$H$61,5,0),"")) | F20: =IF($A20="","",IFERROR(VLOOKUP($A20,Spravochnik!$A$2:$H$61,6,0),"")) | M20: =IF(OR($K20="",$L20="",$L20=0),"",EDATE($K20,$L20)) | N20: =IF($M20="","",IF(TODAY()>=$M20,"Пора менять","ОК"))
B21: =IF($A21="","",IFERROR(VLOOKUP($A21,Spravochnik!$A$2:$H$61,2,0),"")) | C21: =IF($A21="","",IFERROR(VLOOKUP($A21,Spravochnik!$A$2:$H$61,3,0),"")) | D21: =IF($A21="","",IFERROR(VLOOKUP($A21,Spravochnik!$A$2:$H$61,4,0),"")) | E21: =IF($A21="","",IFERROR(VLOOKUP($A21,Spravochnik!$A$2:$H$61,5,0),"")) | F21: =IF($A21="","",IFERROR(VLOOKUP($A21,Spravochnik!$A$2:$H$61,6,0),"")) | M21: =IF(OR($K21="",$L21="",$L21=0),"",EDATE($K21,$L21)) | N21: =IF($M21="","",IF(TODAY()>=$M21,"Пора менять","ОК"))
B22: =IF($A22="","",IFERROR(VLOOKUP($A22,Spravochnik!$A$2:$H$61,2,0),"")) | C22: =IF($A22="","",IFERROR(VLOOKUP($A22,Spravochnik!$A$2:$H$61,3,0),"")) | D22: =IF($A22="","",IFERROR(VLOOKUP($A22,Spravochnik!$A$2:$H$61,4,0),"")) | E22: =IF($A22="","",IFERROR(VLOOKUP($A22,Spravochnik!$A$2:$H$61,5,0),"")) | F22: =IF($A22="","",IFERROR(VLOOKUP($A22,Spravochnik!$A$2:$H$61,6,0),"")) | M22: =IF(OR($K22="",$L22="",$L22=0),"",EDATE($K22,$L22)) | N22: =IF($M22="","",IF(TODAY()>=$M22,"Пора менять","ОК"))
B23: =IF($A23="","",IFERROR(VLOOKUP($A23,Spravochnik!$A$2:$H$61,2,0),"")) | C23: =IF($A23="","",IFERROR(VLOOKUP($A23,Spravochnik!$A$2:$H$61,3,0),"")) | D23: =IF($A23="","",IFERROR(VLOOKUP($A23,Spravochnik!$A$2:$H$61,4,0),"")) | E23: =IF($A23="","",IFERROR(VLOOKUP($A23,Spravochnik!$A$2:$H$61,5,0),"")) | F23: =IF($A23="","",IFERROR(VLOOKUP($A23,Spravochnik!$A$2:$H$61,6,0),"")) | M23: =IF(OR($K23="",$L23="",$L23=0),"",EDATE($K23,$L23)) | N23: =IF($M23="","",IF(TODAY()>=$M23,"Пора менять","ОК"))
B24: =IF($A24="","",IFERROR(VLOOKUP($A24,Spravochnik!$A$2:$H$61,2,0),"")) | C24: =IF($A24="","",IFERROR(VLOOKUP($A24,Spravochnik!$A$2:$H$61,3,0),"")) | D24: =IF($A24="","",IFERROR(VLOOKUP($A24,Spravochnik!$A$2:$H$61,4,0),"")) | E24: =IF($A24="","",IFERROR(VLOOKUP($A24,Spravochnik!$A$2:$H$61,5,0),"")) | F24: =IF($A24="","",IFERROR(VLOOKUP($A24,Spravochnik!$A$2:$H$61,6,0),"")) | M24: =IF(OR($K24="",$L24="",$L24=0),"",EDATE($K24,$L24)) | N24: =IF($M24="","",IF(TODAY()>=$M24,"Пора менять","ОК"))
B25: =IF($A25="","",IFERROR(VLOOKUP($A25,Spravochnik!$A$2:$H$61,2,0),"")) | C25: =IF($A25="","",IFERROR(VLOOKUP($A25,Spravochnik!$A$2:$H$61,3,0),"")) | D25: =IF($A25="","",IFERROR(VLOOKUP($A25,Spravochnik!$A$2:$H$61,4,0),"")) | E25: =IF($A25="","",IFERROR(VLOOKUP($A25,Spravochnik!$A$2:$H$61,5,0),"")) | F25: =IF($A25="","",IFERROR(VLOOKUP($A25,Spravochnik!$A$2:$H$61,6,0),"")) | M25: =IF(OR($K25="",$L25="",$L25=0),"",EDATE($K25,$L25)) | N25: =IF($M25="","",IF(TODAY()>=$M25,"Пора менять","ОК"))
B26: =IF($A26="","",IFERROR(VLOOKUP($A26,Spravochnik!$A$2:$H$61,2,0),"")) | C26: =IF($A26="","",IFERROR(VLOOKUP($A26,Spravochnik!$A$2:$H$61,3,0),"")) | D26: =IF($A26="","",IFERROR(VLOOKUP($A26,Spravochnik!$A$2:$H$61,4,0),"")) | E26: =IF($A26="","",IFERROR(VLOOKUP($A26,Spravochnik!$A$2:$H$61,5,0),"")) | F26: =IF($A26="","",IFERROR(VLOOKUP($A26,Spravochnik!$A$2:$H$61,6,0),"")) | M26: =IF(OR($K26="",$L26="",$L26=0),"",EDATE($K26,$L26)) | N26: =IF($M26="","",IF(TODAY()>=$M26,"Пора менять","ОК"))
B27: =IF($A27="","",IFERROR(VLOOKUP($A27,Spravochnik!$A$2:$H$61,2,0),"")) | C27: =IF($A27="","",IFERROR(VLOOKUP($A27,Spravochnik!$A$2:$H$61,3,0),"")) | D27: =IF($A27="","",IFERROR(VLOOKUP($A27,Spravochnik!$A$2:$H$61,4,0),"")) | E27: =IF($A27="","",IFERROR(VLOOKUP($A27,Spravochnik!$A$2:$H$61,5,0),"")) | F27: =IF($A27="","",IFERROR(VLOOKUP($A27,Spravochnik!$A$2:$H$61,6,0),"")) | M27: =IF(OR($K27="",$L27="",$L27=0),"",EDATE($K27,$L27)) | N27: =IF($M27="","",IF(TODAY()>=$M27,"Пора менять","ОК"))
B28: =IF($A28="","",IFERROR(VLOOKUP($A28,Spravochnik!$A$2:$H$61,2,0),"")) | C28: =IF($A28="","",IFERROR(VLOOKUP($A28,Spravochnik!$A$2:$H$61,3,0),"")) | D28: =IF($A28="","",IFERROR(VLOOKUP($A28,Spravochnik!$A$2:$H$61,4,0),"")) | E28: =IF($A28="","",IFERROR(VLOOKUP($A28,Spravochnik!$A$2:$H$61,5,0),"")) | F28: =IF($A28="","",IFERROR(VLOOKUP($A28,Spravochnik!$A$2:$H$61,6,0),"")) | M28: =IF(OR($K28="",$L28="",$L28=0),"",EDATE($K28,$L28)) | N28: =IF($M28="","",IF(TODAY()>=$M28,"Пора менять","ОК"))
... B81: =IF($A81="","",IFERROR(VLOOKUP($A81,Spravochnik!$A$2:$H$61,2,0),"")) | C81: =IF($A81="","",IFERROR(VLOOKUP($A81,Spravochnik!$A$2:$H$61,3,0),"")) | D81: =IF($A81="","",IFERROR(VLOOKUP($A81,Spravochnik!$A$2:$H$61,4,0),"")) | E81: =IF($A81="","",IFERROR(VLOOKUP($A81,Spravochnik!$A$2:$H$61,5,0),"")) | F81: =IF($A81="","",IFERROR(VLOOKUP($A81,Spravochnik!$A$2:$H$61,6,0),"")) | M81: =IF(OR($K81="",$L81="",$L81=0),"",EDATE($K81,$L81)) | N81: =IF($M81="","",IF(TODAY()>=$M81,"Пора менять","ОК"))

Sheet Svodka
A1: Сводка по имуществу сотрудников
A3: Показатель | B3: Значение
A4: Число сотрудников | B4: =COUNTA(Spravochnik!$A$2:$A$61) -> 15
A5: Техника | B5: =COUNTIF(Vydacha!$G$2:$G$81,"Техника") -> 3
A6: Спецодежда | B6: =COUNTIF(Vydacha!$G$2:$G$81,"Спецодежда") -> 4
A7: Обувь | B7: =COUNTIF(Vydacha!$G$2:$G$81,"Обувь") -> 3
A8: СИЗ | B8: =COUNTIF(Vydacha!$G$2:$G$81,"СИЗ") -> 3
A9: Другое | B9: =COUNTIF(Vydacha!$G$2:$G$81,"Другое") -> 2
A10: Итого позиций выдачи | B10: =COUNTA(Vydacha!$A$2:$A$81) -> 15
A12: Позиций "Пора менять" | B12: =COUNTIF(Vydacha!$N$2:$N$81,"Пора менять") -> 8
A13: Позиций "На замену" (статус выдачи) | B13: =COUNTIF(Vydacha!$O$2:$O$81,"На замену") -> 5

Sheet Vedomost
A1: № | B1: ФИО | C1: Должность | D1: Наименование | E1: Размер / Инв. номер | F1: Количество | G1: Дата выдачи | H1: Подпись
A2: =IF(Vydacha!$A2="","",ROW()-1) -> 1 | B2: =Vydacha!$A2 -> Иванова Анна Петровна | C2: =Vydacha!$D2 -> Главный бухгалтер | D2: =Vydacha!$H2 -> Ноутбук Dell Latitude | E2: =Vydacha!$I2 -> ИНВ-Т-001 | F2: =Vydacha!$J2 -> 1 | G2: =IF(Vydacha!$K2="","",Vydacha!$K2) -> 45306
A3: =IF(Vydacha!$A3="","",ROW()-1) -> 2 | B3: =Vydacha!$A3 -> Петров Сергей Иванович | C3: =Vydacha!$D3 -> Системный администратор | D3: =Vydacha!$H3 -> Куртка утеплённая | E3: =Vydacha!$I3 -> 50 | F3: =Vydacha!$J3 -> 1 | G3: =IF(Vydacha!$K3="","",Vydacha!$K3) -> 45200
A4: =IF(Vydacha!$A4="","",ROW()-1) -> 3 | B4: =Vydacha!$A4 -> Смирнов Виктор Валерьевич | C4: =Vydacha!$D4 -> Водитель | D4: =Vydacha!$H4 -> Ботинки рабочие | E4: =Vydacha!$I4 -> 45 | F4: =Vydacha!$J4 -> 1 | G4: =IF(Vydacha!$K4="","",Vydacha!$K4) -> 45170
A5: =IF(Vydacha!$A5="","",ROW()-1) -> 4 | B5: =Vydacha!$A5 -> Соколов Артём Юрьевич | C5: =Vydacha!$D5 -> Кладовщик | D5: =Vydacha!$H5 -> Каска защитная | E5: =Vydacha!$I5 -> 45 | F5: =Vydacha!$J5 -> 1 | G5: =IF(Vydacha!$K5="","",Vydacha!$K5) -> 45047
A6: =IF(Vydacha!$A6="","",ROW()-1) -> 5 | B6: =Vydacha!$A6 -> Волкова Елена Николаевна | C6: =Vydacha!$D6 -> Завхоз | D6: =Vydacha!$H6 -> Халат рабочий | E6: =Vydacha!$I6 -> 48 | F6: =Vydacha!$J6 -> 2 | G6: =IF(Vydacha!$K6="","",Vydacha!$K6) -> 45444
A7: =IF(Vydacha!$A7="","",ROW()-1) -> 6 | B7: =Vydacha!$A7 -> Никитин Павел Романович | C7: =Vydacha!$D7 -> Программист | D7: =Vydacha!$H7 -> Монитор Samsung | E7: =Vydacha!$I7 -> ИНВ-Т-002 | F7: =Vydacha!$J7 -> 1 | G7: =IF(Vydacha!$K7="","",Vydacha!$K7) -> 45241
A8: =IF(Vydacha!$A8="","",ROW()-1) -> 7 | B8: =Vydacha!$A8 -> Морозова Ирина Сергеевна | C8: =Vydacha!$D8 -> Офис-менеджер | D8: =Vydacha!$H8 -> Канцелярский набор | E8: =Vydacha!$I8 -> - | F8: =Vydacha!$J8 -> 1 | G8: =IF(Vydacha!$K8="","",Vydacha!$K8) -> 45667
A9: =IF(Vydacha!$A9="","",ROW()-1) -> 8 | B9: =Vydacha!$A9 -> Козлова Мария Дмитриевна | C9: =Vydacha!$D9 -> Бухгалтер | D9: =Vydacha!$H9 -> Туфли офисные | E9: =Vydacha!$I9 -> 38 | F9: =Vydacha!$J9 -> 1 | G9: =IF(Vydacha!$K9="","",Vydacha!$K9) -> 45352
A10: =IF(Vydacha!$A10="","",ROW()-1) -> 9 | B10: =Vydacha!$A10 -> Новиков Андрей Олегович | C10: =Vydacha!$D10 -> Разнорабочий | D10: =Vydacha!$H10 -> Перчатки защитные | E10: =Vydacha!$I10 -> 52 | F10: =Vydacha!$J10 -> 5 | G10: =IF(Vydacha!$K10="","",Vydacha!$K10) -> 45809
A11: =IF(Vydacha!$A11="","",ROW()-1) -> 10 | B11: =Vydacha!$A11 -> Фёдорова Светлана Игоревна | C11: =Vydacha!$D11 -> Менеджер по продажам | D11: =Vydacha!$H11 -> Жилет сигнальный | E11: =Vydacha!$I11 -> 44 | F11: =Vydacha!$J11 -> 1 | G11: =IF(Vydacha!$K11="","",Vydacha!$K11) -> 45762
A12: =IF(Vydacha!$A12="","",ROW()-1) -> 11 | B12: =Vydacha!$A12 -> Захаров Игорь Валентинович | C12: =Vydacha!$D12 -> Грузчик | D12: =Vydacha!$H12 -> Сапоги рабочие | E12: =Vydacha!$I12 -> 44 | F12: =Vydacha!$J12 -> 1 | G12: =IF(Vydacha!$K12="","",Vydacha!$K12) -> 45962
A13: =IF(Vydacha!$A13="","",ROW()-1) -> 12 | B13: =Vydacha!$A13 -> Белова Татьяна Андреевна | C13: =Vydacha!$D13 -> Кассир | D13: =Vydacha!$H13 -> Клавиатура | E13: =Vydacha!$I13 -> ИНВ-Т-003 | F13: =Vydacha!$J13 -> 1 | G13: =IF(Vydacha!$K13="","",Vydacha!$K13) -> 45524
... A81: =IF(Vydacha!$A81="","",ROW()-1) | B81: =Vydacha!$A81 -> 0 | C81: =Vydacha!$D81 | D81: =Vydacha!$H81 -> 0 | E81: =Vydacha!$I81 -> 0 | F81: =Vydacha!$J81 -> 0 | G81: =IF(Vydacha!$K81="","",Vydacha!$K81)

Sheet Lists
A1: Техника | C1: Выдано
A2: Спецодежда | C2: Возвращено
A3: Обувь | C3: Списано
A4: СИЗ | C4: На замену
A5: Другое
